Title,Year,Genres,Plot
Rare Birds,2001,"Comedy, Drama, Mystery","Dave is down. His wife lives in Washington, D.C.; his restaurant, the Auk, in an out-of-the-way Newfoundland inlet, is a bust; a drink is rarely out of reach. An odd-duck of a neighbor, Phonce, who has found ten kilos of cocaine and wants Dave's help selling it, contrives to keep Dave in town by faking and reporting the sighting of a rare bird. Soon birders descend from everywhere, and the restaurant is a success. Dave is snorting the cocaine and falling for a young visitor who helps him out at the Auk, Phonce is launching his recreational submarine, and various men who don't look like birders are poking about. When the chickens come home to roost, will Dave and Phonse have a Plan B?"
Metropolis,2001,"Animation, Adventure, Drama","Metropolis is a visually stunning, rich, and memorable pleasure. It's contributors have brought us other classics such as Astroboy and Akira. The story takes place in the muti-leveled, fascinating, megalopolis called Metropolis. Metropolis is loosely ruled by Duke Red, who is close to presenting his ultimate work, an advanced AI robot girl named Tima. His son; however, is an opponent of AI and resents Tima. Tima finds herself deep within the labyrinth of Meteoplolis. She befriends the kind son of a police officer and begins exploring her new world. When Duke Red's son separates this new friendship, he puts much more at risk than anyone thought possible."
Full Frontal,2002,"Comedy, Romance",Arty film-within-a-film revolves around seven people with little in common whose lives collide.
Monster's Ball,2001,"Drama, Romance","Set in the Southern United States, 'Monster's Ball' is a tale of a racist white man, Hank, who falls in love with a black woman named Leticia. Ironically Hank is a prison guard working on Death Row who executed Leticia's husband. Hank and Leticia's interracial affair leads to confusion and new ideas for the two unlikely lovers."
Porn Star: The Legend of Ron Jeremy,2001,"Documentary, Biography","Porn Star: The Legend of Ron Jeremy offers audiences a penetrating look inside the world of Ron Jeremy, America's most unlikely sex star and hero to millions. With nearly 25 years in the adult film industry and over 1,600 films to his credit, Ron Jeremy is huge. In his world, Ron reigns supreme-he's made millions of dollars and slept with thousands of beautiful women, and is indisputably the industry's biggest star. And everyone who's anyone knows Ron-a pop icon to millions, he is a beacon of hope for many American male, since he stands as living proof that pretty much anyone can get some. So how did such a classically unhandsome, big and hairy guy ever get to be such a super stud? In one of the most fascinating and entertaining comedies of the last year, audiences finally get a chance to get inside the life and times of Ron Jeremy, and find out what's really behind the hardest working man in show business."
Snow Dogs,2002,"Adventure, Comedy, Family","When Miami dentist Ted Brooks learns that his birth mother has passed away and that he was named in her will, he travels to Alaska to claim his inheritance. Rather than the large chunk of change that many people would expect, Ted instead receives his mother's pack of rowdy sled dogs and her property. Although the dogs seemingly have it in for Ted, he decides to keep the dogs and race them in the local race, the Arctic Challenge, spiting a mountain man who wants the dogs. What follows is a comedy detailing Ted's adventures in learning to run the sled dogs."
A Walk to Remember,2002,"Drama, Romance","In North Carolina especially in Beaufort a prank on a girl goes wrong and puts the student in the clinic. Carter, a famous student with no plans for the future, is held responsible and forced to join in after-school community service activities as consequence, which include starring as the lead in the play. And participating in these activities is Jamie Sullivan, the reverend's daughter who has great ambitions and nothing in common with Landon. When Landon decides he wants to take his activities seriously, he asks Jamie for help and begins to spend most of his time with her. But he starts to like her, that he did not expect to do. They relationship, much to the chagrin of Landon's old popular friends and Jamie's strict reverend father. But when a heart-breaking secret becomes known that puts their relationship to the test, it is then that Landon and Jamie realize the true meaning of love and fate."
Iris,2001,"Biography, Drama, Romance","Iris, based on the life of revered British writer and philosopher Iris Murdoch, is a story of unlikely yet enduring love. As a young academic, teaching philosophy at Oxford, Murdoch meets and eventually falls in love with fellow professor John Bayley, a man whose awkwardness seems in stark opposition to the spirited self-confidence of his future wife. The story unfolds as snippets of time, seen through Bayley's eyes. He recalls their first encounter over 40 years ago, activities they enjoyed doing together, and Iris' charismatic and individualistic personality. These images portray Murdoch as a vibrant young woman with great intellect and are contrasted with the novelist's later life, after the effects of Alzheimer's disease have ravaged her. Murdoch's great mind deteriorates until she is reduced to a mere vestige of her former self, unable to perform simple tasks and completely reliant on her at times frustrated yet devoted husband."
Gosford Park,2001,"Comedy, Drama, Mystery","Set in the 1930s, the story takes place in an old-fashioned English country house where a weekend shooting party is underway. The story centers on the McCordle family, particularly the man of the house, William McCordle. Getting on in years, William has become benefactor to many of his relatives and friends. As the weekend goes on, secrets are revealed, and it seems everyone, above stairs and below, wants a piece of William and his money, but how far will they go to get it?"
Peter Pan II: Return to Neverland,2002,"Animation, Adventure, Family","The classic tale of 'Peter Pan' continues in Disney's sequel 'Return to Never Land'. In 1940 on a world besieged by World War II, Wendy, now grown up, has two children, one of them is her daughter, Jane. She wears her trench coat during the air raid, and later that night, Wendy tries to give her own children hope by telling them of her magical experiences with Peter Pan in Never Land. However, Jane, Wendy's daughter, sees it all as make believe and refuses to believe in the tales. That is, until the villainous Captain Hook mistakes her for Wendy and abducts her to Never Land in an attempt to lure and capture Peter Pan. Peter Pan's quest to return Jane safely home is jeopardized until she can begin to believe in the magic of imagination."
On the Line,2001,"Comedy, Family, Romance","A young man meets a girl on a train, only to spend the rest of the movie trying to reunite with her (one of the love-at-first-sight things), aided by his best friend in a quest of posters and signs that soon gains public notice. Will he ever find his soul mate?"
How High,2001,"Comedy, Fantasy","Two guys by the name of Silas and Jamal decided to one day smoke something magical, which eventually helps them to ace their college entrance exam. This eventually lands them in Harvard, where they're surrounded by the world of Ivy Leaguers. Although their new lifestyle is much different from back home, they kept on having fun until their supernatural smoke runs out. Now, they are on their own and they have to rely on each other to survive."
Tape,2001,Drama,"Based on a three-character, one-act play, Tape is set entirely in Room 19 of a seedy motel in Lansing, Michigan rented by Vince, an ill-tempered, outgoing party animal/drug dealer who's visited by his old high school friend Jon, a documentary filmmaker, where they pass the time reminiscing about the good old times which take a turn when Vince records their conversation with Jon admitting to a possible date-rape of Vince's old girlfriend Amy, who later shows up and opens up a new wave of talk and arguments about whose story is fact or fabricated."
Crossroads,2002,"Comedy, Drama, Romance","Three best friends get together and bury a box, making a pact to open it at midnight at their high school graduation. In the small town in Georgia that they live in, things soon change. One is little miss perfect, one is an engaged prom queen, and the other is a pregnant outcast. On the night of their graduation, they open the box and they strike up a conversation. Suddenly, one brings up the topic of her going to Los Angeles for a record contract audition. They all decide to go together and they leave. With a little money, they set out on the road with a guy named Ben. When one of them tells the other a rumor that he might be a homicidal maniac, they are all scared of him. When they reach Los Angeles, Lucy (Britney Spears) falls in love with Ben and against her father's wishes, she stays and she goes to the audition."
Orange County,2002,"Comedy, Drama","Shaun Brumder is a local surfer kid from Orange County who dreams of going to Stanford to become a writer and to get away from his disfunctional family household. Except Shaun runs into one complication after another starting when his application is rejected after his dim-witted guidance counselor sends the wrong application. So, Shaun goes to great lengths with a little help from his girlfriend Ashley and his drugged-out loser brother Lance to get into Stanford any way they see fit."
K-PAX,2001,"Drama, Sci-Fi","PROT is a patient at a mental hospital who claims to be from a far away planet. His psychiatrist tries to help him, only to begin to doubt his own explanations."
The Last Castle,2001,"Action, Drama, Thriller","When three star General Irwin is transferred to a maximum security military prison, its warden, Colonel Winter, can't hide his admiration towards the highly decorated and experienced soldier. Irwin has been stripped of his rank for disobedience in a mission, but not of fame. Colonel Winter, who runs the prison with an iron fist, deeply admires the General, but works with completely different methods in order to keep up discipline. After a short while, Irwin can feel Winter's unjust treatment of the inmates. He decides to teach Winter a lesson by taking over command of the facility and thus depriving him of his smug attitude. When Winter decides to participate in what he still thinks of as a game, it may already be too late to win."
Kiss of the Dragon,2001,"Action, Crime, Drama","Liu Jian, a police officer from China, comes to Paris to help the vice squad apprehend a Chinese drug lord and his unknown French connection. The French connection is Richard, the head of the vice squad, who intends to kill the drug lord then frame Jian. Jian ducks a bullet and escapes with a tape of what really happened. By chance, Jian turns to Jessica - a US farm girl who is one of Richard's hookers - for help. She has her own problems, including the fact that Richard has her daughter locked in an orphanage to keep Jessica on the streets and silent about his activities. Can Jian protect Jessica, rescue her daughter, and give Richard the kiss of the dragon?"
The Business of Strangers,2001,"Drama, Thriller",A dark thriller about a successful businesswoman and her young assistant who toy with a slow-witted businessman while stuck at an airport hotel.
What Time Is It There?,2001,"Drama, Romance","When a young street vendor with a grim home life meets a woman on her way to Paris, they forge an instant connection. He changes all the clocks in Taipei to French time; as he watches François Truffaut's ""Les 400 Coups,"" she has a strange encounter with its now-aging star, Jean-Pierre Leaud."
The Majestic,2001,"Drama, Romance","Peter Appleton is an ambitious young screenwriter working for HHS Studios during Hollywood's Golden Age, 1951 in particular. ""Ashes to Ashes"" is about to be released, and he's dating the attractive movie star, Sandra Sinclair. Just when everything seems to be going his way, it is discovered he (unwittingly) attended a Communist meeting during college when pulled there by his girlfriend at the time, and thus heavy suspicion settles over him and he'll have to stand before Congress. Afraid of what might happen if they don't, HHS cancels Appleton's contract and aborts the release date of the film. Appleton promptly begins to wallow in self-pity and spends nearly an entire night at a bar, then drives intoxicated through the streets of the California course until plummeting into a stormy river and getting knocked unconscious. Washing up on the beaches of a small town called Lawson. Although the people there are pleasant and likable, the town is depressed and lifeless due to having lost 62 of its sons in World War II. One of them, Luke Trimble, was missing in action; and miraculously, Peter bears a striking resemblance to the black and white photos, close enough to fool even Luke's father, Harry. However, thanks to the blow to the head and the alcohol, Peter has suffered amnesia and decides he must be who they think he is. Besides, it's not a bad life: Luke's beautiful lover, lawyer Adele Stanton, is all over him, the town has suddenly come back to life with excitement, and he and his ""father"" rebuild a movie palace Harry used to run, the Majestic. Unfortunately, Peter's memory returns in time for G-men to track him down."
A Beautiful Mind,2001,"Biography, Drama","From the heights of notoriety to the depths of depravity, John Forbes Nash, Jr. experienced it all. A mathematical genius, he made an astonishing discovery early in his career and stood on the brink of international acclaim. But the handsome and arrogant Nash soon found himself on a painful and harrowing journey of self-discovery. After many years of struggle, he eventually triumphed over his tragedy, and finally - late in life - received the Nobel Prize."
The Time Machine,2002,"Action, Adventure, Sci-Fi","Based on the classic sci-fi novel by H.G. Wells, scientist and inventor, Alexander Hartdegen, is determined to prove that time travel is possible. His determination is turned to desperation by a personal tragedy that now drives him to want to change the past. Testing his theories with a time machine of his own invention, Hartdegen is hurtled 800,000 years into the future, where he discovers that mankind has divided into the hunter - and the hunted."
Jimmy Neutron: Boy Genius,2001,"Animation, Action, Adventure","Jimmy Neutron is a boy genius and way ahead of his friends, but when it comes to being cool, he's a little behind. All until one day when his parents, and parents all over Earth are kidnapped by aliens, it's up to him to lead all the children of the world to rescue their parents."
The One,2001,"Action, Sci-Fi, Thriller","There is not one universe, but there are many, which is a multiverse. Supposing you are just one person, there are many other versions of you in the other universes, there are ways to travel, but only a police agency, MVA, can travel only for police procedures. Gabriel Yulaw is a former MVA agent, who killed another version of himself in self-defense. It made the other versions of him stronger. When Yulaw found out about this, he became power-hungry killing the 122 other versions for two years. After killing Lawless and getting captured by his former partner Roedecker and a new MVA agent Funsch, Yulaw managed to escape the prison and is trying to kill his last target, Gabe Law who is a police officer. He is also at Yulaw's strength. Roedecker and Funsch now have to arrest Yulaw before he can kill Gabe. There is a possibility that the universe could die or make Yulaw invincible. After encountering Yulaw for the first time, Gabe thought that it was his split personality, but it wasn't. Will Gabe be able to confront Yulaw before or after Yulaw ruins his life?"
Spy Game,2001,"Action, Crime, Thriller","CIA operative Nathan Muir (Redford) is on the brink of retirement when he finds out that his protege Tom Bishop (Pitt) has been arrested in China for espionage. No stranger to the machinations of the CIA's top echelon, Muir hones all his skills and irreverent manner in order to find a way to free Bishop. As he embarks on his mission to free Bishop, Muir recalls how he recruited and trained the young rookie, at that time a sergeant in Vietnam, their turbulent times together as operatives and the woman who threatened their friendship."
Rush Hour 2,2001,"Action, Comedy, Crime","It's vacation time for Det. James Carter and he finds himself alongside Det. Lee in Hong Kong wishing for more excitement. While Carter wants to party and meet the ladies, Lee is out to track down a Triad gang lord who may be responsible for killing two men at the American Embassy. Things get complicated as the pair stumble onto a counterfeiting plot by L.A. crime boss Steven Reign and Triad Ricky Tan, an ex-cop who played a mysterious part in the death of Det. Lee's father. Throw in a power struggle between Tan and the gorgeous but dangerous Hu Li and the boys are soon up to their necks in fist fights and life-threatening situations. A trip back to the U.S. may provide the answers about the bombing, the counterfeiting, and the true allegiance of sexy customs agent Isabella. Then again, it may turn up more excitement than Carter was looking for during his vacation."
Monsoon Wedding,2001,"Comedy, Drama, Romance","A story set in the modern upper-middle class of India, where telecommunications and a western lifestyle mix with old traditions, like the arranged wedding young Aditi accepts when she ends the affair with a married TV producer. The groom is an Indian living in Texas, and all relatives from both families, some from distant places like Australia, come to New Delhi during the monsoon season to attend the wedding. The four-day arrangements and celebrations will see clumsy organization, family parties and drama, dangers to the happy end of the wedding, lots of music and even a new romance for the wedding planner Dubey with the housemaid Alice..."
Black Hawk Down,2001,"Drama, History, War","Action/war drama based on the best-selling book detailing a near-disastrous mission in Somalia on October 3, 1993. On this date nearly 100 U.S. Army Rangers, commanded by Capt. Mike Steele, were dropped by helicopter deep into the capital city of Mogadishu to capture two top lieutenants of a Somali warlord. This led to a large and drawn-out firefight between the Army Ranges, US Special Forces, and hundreds of Somali gunmen; resulting in the destruction of two U.S. Black Hawk helicopters. The film focuses on the heroic efforts of various Rangers to get to the downed black hawks, centering on SSG Eversmann, leading the Ranger unit Chalk Four to the first black hawk crash site, Chief Warrant Officer Durant who was captured after being the only survivor of the second black hawk crash, as well as many others who were involved."
America's Sweethearts,2001,"Comedy, Romance","In the midst of a nasty public breakup of married movie stars, a studio publicist scrambles to put a cap on the escalating situation as the couple's latest film has found its only print kidnapped by the director."
Life as a House,2001,Drama,"George Monroe is a lonely and sad man. Divorced for ten years, he lives alone on the Southern California coast with his pet dog in the same run down shack he has lived in for twenty-five years, the shack which his father passed down to him. In the intervening years, ostentatious houses have sprung up around him. He's been at the same architectural firm for twenty years in a job he hates, which primarily consists of building scale models. On the day that he is fired from his job, he is diagnosed with an advanced case of terminal cancer, which he chooses not to disclose to his family. In many ways, this day is the happiest of his recent life in that he decides to spend what little time he has left doing what he really wants to do, namely build a house he can call his own to replace the shack. He also wants his rebellious sixteen year old son, Sam Monroe, to live with him for the summer, hopefully not only to help in the house construction, but for the two to reconnect as a family. Getting Sam to do any of it will not be an easy task as Sam, who has embarked on some self-destructive behavior, would rather do anything than spend time with his family, which also includes his mother Robin Kimball, her wealthy but emotionally unaffectionate husband Peter Kimball, and their adolescent children. In Sam, George sees an unhappy person in every aspect of his life, much like George was himself before that fateful day. What Sam decides to do for the summer may consider Alyssa Beck, his pretty classmate and George's next door neighbor. Through the process, George also reconnects with Robin, who admits that she's made some pretty bad decisions in her life. He may not want that reconnection to go too far considering his health. Ultimately George has much to do to complete all he wants before he dies."
The Endurance,2000,"Documentary, History","A retelling of Sir Ernest Shackleton 's ill-fated expedition to Antarctica in 1914-1916, featuring new footage of the actual locations and interviews with surviving relatives of key expedition members, plus archived audio interviews with expedition members, and a generous helping of the footage and still photos shot on the expedition."
Session 9,2001,"Horror, Mystery","An asbestos abatement crew wins the bid for an abandoned insane asylum. What should be a straightforward, if rather rushed, job, is complicated by the personal histories of the crew. In particular, Hank is dating Phil's old girlfriend, and Gordon's new baby seems to be unnerving him more than should be expected. Things get more complicated as would-be lawyer Mike plays the tapes from a former patient with multiple personalities, including the mysterious Simon who does not appear until Session 9, and as Hank disappears after finding some old coins."
Jay and Silent Bob Strike Back,2001,Comedy,"Jay and Silent Bob Strike Back is a tale of adventure on the open road. When Dante and Randal (of Clerks fame) get a restraining order to keep the punchy Jay and his hetero life-mate, Silent Bob, from selling drugs in front of the Quick Stop convenience store, their lives are suddenly empty. They find new purpose when their friend, Brodie, informs them a movie is being made featuring two infamous characters based on their likenesses. After visiting one of the creators of the Bluntman and Chronic, Holden McNeil, they set out to get what fat movie cash they deserve and hopefully put an end to people slandering them on the Internet. Along the way, they learn the rules of the road from a hitchhiking George Carlin, ride with a group of gorgeous jewel thieves, and incur the wrath of a hapless wildlife marshal for liberating an orangutan named Suzanne. The quest takes them from New Jersey to Hollywood where a showdown involving the police, the jewel thieves, and the Bluntman and Chronic filmmakers will decide the fate of Suzanne, Jay, Silent Bob, and their good names."
Piñero,2001,"Biography, Drama","""Piñero"" tells the story of the explosive life of a Latino icon, the poet-playwright-actor Miguel Piñero, whose urban poetry is recognized as a pre-cursor to rap and hip-hop. After doing time in hard-core Sing-Sing for petty thefts and drug dealing, Piñero's prison experiences developed into the 1974 Tony-nominated play Short Eyes. The resulting notoriety and fame was too much for the Latino bad-boy genius who retreated to the darker corners of New York City."
Don't Say a Word,2001,"Drama, Mystery, Thriller","A group of thieves steal a rare gem, but in the process, two of the men double cross the leader of the thieving group, Patrick, and take off with the precious stone. Ten years later, prominent psychiatrist Nathan Conrad is invited to examine a disturbed young woman named Elisabeth. Patrick immediately kidnaps Nathan's daughter, forcing Nathan to attempt to get Elisabeth to reveal a secret number which will ultimately lead Patrick to the whereabouts of the precious gem that has eluded him."
Digimon: The Movie,2000,"Animation, Action, Adventure","The film is an edited version of three different Japanese short films, which have been combined together. There is narration by a continuing character, Kari. The first segment of the film revolves around the first encounter with a digimon and a fight that occurs between their digimon and another. The two kids, Kari and Tai, raise a fast-growing digimon from an egg to a large, dinosaur-like digimon, which escapes from their house and then has an encounter and a battle with a parrot-like digimon. The second segment mainly involves Tai and another digiDestined friend of his, Izzy. A computer virus sweeps across the internet, effecting a digiEgg, and thus creating an infected digimon. This infected digimon begins to start eating computer information and data, and the two protagonists attempt to stop the digimon, but fail. After the infected digimon manages to get into the American information system and launch two nukes, one at japan and one at Colorado, Tai and Izzy get help from teammates Matt and his little brother T.K. They successfully overcome the infected digimon and prevent the nukes from detonating. The third and final segment involves Kari and T.K., now years older, as they see a kid and two digimon fighting whilst in New York. Kari and T.K decide to follow the child, who turns out to be the creator of the virus, and, after meeting up with friends, they manage to defeat the evil digimon, who turns out to be one of Willis' twin digimon that was affected by the virus following the actions of the second segment. Together they fight against this infected digimon, and destroy the virus that was affecting Willis' digimon."
Dragonfly,2002,"Drama, Fantasy, Mystery","Dr. Joe Darrow is a recently widowed doctor. He is grieving due to the death of his pregnant wife in a Red Cross mission in Venezuela. Although being atheist, he began to believe that his dead wife wants to communicate with him, through her young patients in the Pediatrics of a Chicago hospital."
Backstage,2000,Documentary,"If you ever wanted to know what really goes on backstage, this is the definitive inside look - uncut and uncensored. Complete with on-stage performances you'll see an intimate view of what life is like at one of the biggest Rap Concert tours of all time. It shows life on the road, in hotels and off stage in a way you've never seen before."
Bubble Boy,2001,"Adventure, Comedy, Romance","A young man who was born without an immune system and has lived his life within a plastic bubble in his bedroom finds out that the woman he has loved since childhood is about to be married at Niagara Falls, so he builds a portable bubble suit and ventures into the outside world to win her affections."
Scary Movie 2,2001,Comedy,"A group of teens including Cindy Campbell and Brenda Meeks are invited to spend a night in Hell House. Professor Oldman has convinced them it is for a school project, but the night won't go past quietly. Master Kane is long dead, but still plans on enjoying himself, especially with Alex Monday. When things really start getting bad, the gang must work together to find a way to capture this ghostly menace."
The Curse of the Jade Scorpion,2001,"Comedy, Crime, Mystery","CW Briggs is a veteran insurance investigator, with many successes. Betty Ann Fitzgerald is a new employee in the company he works for, with the task of reorganizing the office. They don't like each other - or at least that's what they think. During a night out with the rest of the office employees, they go to watch Voltan, a magician who secretly hypnotizes both of them, in order to use them for his dirty schemes. The next evening already, Briggs makes his first robbery, and when he wakes up in the morning he has no memory of it. Things get really complicated when he starts investigating the case. Will he be able to uncover... himself?"
Startup.com,2001,Documentary,"Kaleil Isaza Tuzman and Tom Herman have had a dream since they became friends at age fifteen: get rich by developing their own dot com company, in some aspect of computer technology interface. Now in their late twenties, they have now come up with the idea they believe will make their riches, namely as Tom refers to it, ""parking tickets"": the company will be the on-line revenue collection interface for municipal governments. GovWorks.com came into existence in May 1999 with only an idea. The process of building the business focuses on obtaining venture capital based solely on the idea, with the actual mechanics of the website seemingly almost an afterthought, or at least one left primarily to the hired help. Regardless of the strength of the idea itself in raising this capital, another initial problem they face is what they see as non-commitment by a third partner, Kaleil's friend Chieh Cheung. In early 2000, they do manage to go live with their product to what seems to be a promising and lucrative future. However, the success of the business is fraught with many obstacles including the competition who may have a better product or one introduced in the marketplace earlier, the whims of the economy especially as it concerns the equity market, and the fact that the business has few assets beyond intellectual capital. In addition, their personal focus is solely on the business which places a strain on their personal relationships, Tom's with his young daughter Tia Herman, and Kaleil's with his girlfriend Dora Glottman. Their relationship with each other is also tested as it is and always was an inequitable one - Kaleil being the self-admitted alpha dog - and one which may be usurped by business concerns."
Baby Boy,2001,"Crime, Drama, Romance","This is the story of Jody, an unemployed young black man, who's been living with his mother for several years, even though he's got a child of his own. Romantically, he's having relationships with two women: Yvette, the mother of his son, and a new interest."
The Animal,2001,"Comedy, Sci-Fi","From the producers of the comedy smash Deuce Bigalow comes The Animal, about a small, wimpy Marvin, who doesn't have what it takes to fulfill his lifelong dream to be a cop. But his luck changes when he's critically injured in a car accident and a deranged scientist secretly uses animal organs to rebuild him. Energized by his new parts, Marvin leaves his weakness behind and achieves instant fame as a supercop. Now a hero, life is going great for Marvin until his animal instincts start taking over his body at all the wrong times. Marvin struggles to remain civilized and be a perfect gentleman with his new love, Rianna in a series of hilarious situations that would drive any animal crazy."
The Anniversary Party,2001,"Comedy, Drama, Romance","Celebrity couple Joe and Sally Therrian are going through yet another rough stage in their six-year marriage: while Joe's novels have been climbing higher and higher on the best-seller lists, Sally's film career has been steadily sinking into oblivion. Joe's been given the rights to cast and direct the screenplay of his latest book, but rather than resurrect Sally's career by casting her in the lead role, he's given it to Sally's rival, Skye Davidson. Even worse, he's invited Skye to their anniversary bash. Will the marriage, or anything else for that matter, survive the party?"
American Pie 2,2001,Comedy,"The whole gang are back and as close as ever. They decide to get even closer by spending the summer together at a beach house. They decide to hold the biggest party ever to be seen, even if the preparation doesn't always go to plan. Especially when Stifler, Finch and Jim become more close to each other than they ever want to be and when Jim mistakes super glue for lubricant."
Heist,2001,"Action, Crime, Drama","David Mamet takes this story of thieves along many twists and turns, some of which work and some of which don't. Gene Hackman plays the brilliant leader of a gang (Delroy Lindo, Ricky Jay & Rebecca Pigeon as Hackman's youngish wife), which pulls off complex heists for a despicable fence (Danny DeVito). After stiffing the gang on a jewelry robbery, DeVito forces the gang to go after a Swiss gold shipment and to use his nephew (Sam Rockwell) in the crime. No one trusts anyone and every step is shaded with the unexpected."
Hearts in Atlantis,2001,"Drama, Mystery","This is a gentle, innocent film about the reflections of an aging man, who returns to his home town after the death of his best friend. Memories of life at age 11 floods back as it was a magical time that changed his life. Three 11 year old children (Bobby, Carol, and Sully) share their lives. Carol and Bobby have a special affection for one another including sharing a kiss ""by which all others will be measured"". Bobby lives with his mother, a bitter, vain woman who looks for pleasures for herself without sharing much with her son. Into their lives comes a mysterious new boarder, who befriends the boy but generates distrust from the mother. As time passes, the man and boy share confidences and special powers are revealed. The man warns the boy to be on the lookout for the ""lowmen"", who were seeking him. The two share a summer's adventures and come to love one another before the inevitable happens. A confrontation with a school bully also changes everyone."
Innocence,2000,Drama,"After more than forty years apart, Andreas and Claire embark on an affair as reckless and intense as when they were young lovers. Widowed musician Andreas decides to get back in touch with his one great love, Claire, who is still married to her first husband, John. Andreas and Claire find that the connection they shared when they were young is still there and they soon become involved in a rekindled love affair. However, this time around, there are more complications, including the possibilities of ill health and death, as well as the impact their relationship might have on John."
Hart's War,2002,"Drama, War","Fourth-generation Army Col. William McNamara is imprisoned in a brutal German POW camp. Still, as the senior-ranking American officer, he commands his fellow inmates, keeping a sense of honor alive in a place where honor is easy to destroy, all under the dangerous eye of the Luftwafe vetran Col. Wilhelm Visser. Never giving up the fight to win the war, McNamara is silently planning, waiting for his moment to strike back at the enemy. A murder in the camp gives him the chance to set a risky plan in motion. With a court martial to keep Visser and the Germans distracted, McNamara orchestrates a cunning scheme to escape and destroy a nearby munitions plant, enlisting the unwitting help of young Lt. Tommy Hart. Together with his men, McNamara uses a hero's resolve to carry out his mission, ultimately forced to weigh the value of his life against the good of his country."
Evolution,2001,"Comedy, Sci-Fi","When a meteorite falls to Earth two college professors, Dr. Ira Kane and Prof. Harry Phineas Block, are assigned the job of checking the site out. At the site, they discover organisms not of this planet. Soon the site is taken over by the government, forcing Ira and Harry to the side. As the new life-forms begin to evolve and start to get more and more dangerous, it's up to the two professors to save the planet."
See Spot Run,2001,"Action, Comedy, Crime","A drug sniffing agent canine is a target for an assassin boss so the FBI calls Witness Protection to send him somewhere else. Meanwhile a single Mom puts her 6 year old boy James in the care of her irresponsible, mailman, neighbor, Gordon, when the babysitter bails on her. Meanwhile, an assassin mob boss hires 2 goons to kill Agent 11. But when 11 escapes from the van when they tried to kill him, he hides in Gordon's Mailtruck that James is in too. And guess what they name him. Spot."
Rat Race,2001,"Adventure, Comedy","Donald P. Sinclair has placed six separate gold coins in different slot machines in his casino. The lucky six who find these coins discover an opportunity of a lifetime. The chance to own $2 million. Locked up in a locker in New Mexico, these six contestants must now race each other, to be the first to the cash. There are no rules in place and everything that could possibly happen, does. Whilst, behind the scenes, Sinclair's associates are placing their bets."
Legally Blonde,2001,"Comedy, Romance","Elle Woods (Reese Witherspoon) has it all. She's the president of her sorority, a Hawaiian Tropic girl, Miss June in her campus calendar, and, above all, a natural blonde. She dates the cutest fraternity boy on campus and wants nothing more than to be Mrs. Warner Huntington III. But, there's just one thing stopping Warner (Matthew Davis) from popping the question: Elle is too blonde. Growing up across the street from Aaron Spelling might mean something in LA, but nothing to Warner's East-Coast blue blood family. So, when Warner packs up for Harvard Law and reunites with an old sweetheart from prep school, Elle rallies all her resources and gets into Harvard, determined to win him back. But law school is a far cry from the comforts of her poolside and the mall. Elle must wage the battle of her life, for her guy, for herself and for all the blondes who suffer endless indignities everyday."
The Deep End,2001,"Crime, Drama, Mystery","With her husband perpetually away at work, a mother raises her children virtually alone. Her teenage son is testing the waters of the adult world, and early one morning she wakes to find the dead body of his gay lover on the beach of their rural lakeside home. What would you do? What is rational and what do you do to protect your child? How far do you go and when do you stop?"
Crazy/Beautiful,2001,"Drama, Romance","When fate brings together two high school seniors from opposite sides of the tracks, it's something crazy/beautiful. Nicole (Kirsten Dunst) is the 17-year-old troubled daughter of a wealthy congressman who never met a rule she didn't break. Carlos (Jay Hernandez) is a grade A student with big dreams who endures a two-hour bus ride every morning to attend high school in an upscale L.A. neighborhood. Their innocent flirtations quickly develop into passionate love, but Nicole's self-destructive behavior threatens their relationship and puts Carlos' promising future in jeopardy. Will their intense passion keep them together despite the objections of their families or will Carlos be forced to plan his future without Nicole?"
Domestic Disturbance,2001,"Crime, Mystery, Thriller","Susan Morrison is getting married to wealthy industrialist Rick Barnes. Danny, her teenage son with ex-husband Frank, isn't happy about this; he stows away in Rick's car one night, planning to go to Frank's house. But while there, he witnesses Rick murdering mysterious stranger Ray Coleman. Problem is, Rick's managed to dispose of most of the evidence, and he's considered a pillar of the community, while Danny has a history of lying. Frank believes him, though, and does some investigating of his own, as Rick's shady past slowly catches up to him and his new family."
Into the Arms of Strangers: Stories of the Kindertransport,2000,"Documentary, History, War","For nine months prior to World War II, in an act of mercy unequalled anywhere else before the war, Britain conducted an extraordinary rescue mission, opening its doors to over 10,000 Jewish and other children from Germany, Austria, and Czechoslovakia. These children, or Kinder (sing. Kind), as they came to be known, were taken into foster homes and hostels in Britain, expecting eventually to be reunited with their parents. The majority of them never saw their families again."
Before Night Falls,2000,"Biography, Drama, Romance","Episodic look at the life of Cuban poet and novelist, Reinaldo Arenas (1943-1990), from his childhood in Oriente province to his death in New York City. He joins Castro's rebels. By 1964, he is in Havana. He meets the wealthy Pepe, an early lover; a love-hate relationship lasts for years. Openly gay behavior is a way to spite the government. His writing and homosexuality get him into trouble: he spends two years in prison, writing letters for other inmates and smuggling out a novel. He befriends Lázaro Gomes Garriles, with whom he lives stateless and in poverty in Manhattan after leaving Cuba in the Mariel boat-lift. When asked why he writes, he replies cheerfully, ""Revenge."""
Tomcats,2001,Comedy,"Seven years ago, a bunch of friends make a bet that'll give the last remaining bachelor a ton of money. Now, after losing a ton of money at a Vegas Casino, Michael Delaney has to quickly get his friend Kyle married so that he can collect the prize money to pay back his debt."
Rollerball,2002,"Action, Sci-Fi, Sport","In this fast action-packed thriller, Jonathan (Chris Klein), Marcus (LL Cool J), and Aurora (Rebecca Romijn) compete in a dangerous, fierce sport called Rollerball. Although, Johnathan and Marcus try to quit, cruel and vindictive promoter Alexi Petrovich (Jean Reno) encourages them to still participate. Petrovich sends his men to attack them while they are on a trip, but Johnathan survives. In the end during a game of Rollberball, Petrovich attempts a public execution of Johnathan, but the question is will Johnathan get revenge."
